setting_1_min,setting_1_max,setting_1_mean,setting_2_min,setting_2_max,setting_2_mean,setting_3_min,setting_3_max,setting_3_mean,s_1_min,s_1_max,s_1_mean,s_2_min,s_2_max,s_2_mean,s_3_min,s_3_max,s_3_mean,s_4_min,s_4_max,s_4_mean,s_5_min,s_5_max,s_5_mean,s_6_min,s_6_max,s_6_mean,s_7_min,s_7_max,s_7_mean,s_8_min,s_8_max,s_8_mean,s_9_min,s_9_max,s_9_mean,s_10_min,s_10_max,s_10_mean,s_11_min,s_11_max,s_11_mean,s_12_min,s_12_max,s_12_mean,s_13_min,s_13_max,s_13_mean,s_14_min,s_14_max,s_14_mean,s_15_min,s_15_max,s_15_mean,s_16_min,s_16_max,s_16_mean,s_17_min,s_17_max,s_17_mean,s_18_min,s_18_max,s_18_mean,s_19_min,s_19_max,s_19_mean,s_20_min,s_20_max,s_20_mean,s_21_min,s_21_max,s_21_mean,RUL_min,RUL_max,RUL_mean
-0.0086,0.0086,-2.3741909385112923E-5,-6.0E-4,7.0E-4,5.068770226537184E-6,100.0,100.0,100.0,518.67,518.67,518.6699999999331,640.84,645.11,642.4578580097071,1564.3,1615.39,1588.0791751618044,1377.06,1441.16,1404.4712123786308,14.62,14.62,14.619999999996397,21.45,21.61,21.59584101941345,549.61,570.49,555.1438078478947,2386.9,2388.6,2388.0715546116758,9017.98,9234.35,9064.110809061496,1.29,1.32,1.301231796116117,46.69,48.44,47.41570671521047,517.77,537.4,523.0508725728165,2386.93,2388.61,2388.0716432039017,8099.68,8290.55,8144.202916262094,8.1563,8.5705,8.396175784789632,0.03,0.03,0.029999999999982496,388.0,399.0,392.5665453074434,2388.0,2388.0,2388.0,100.0,100.0,100.0,38.17,39.85,38.98855177993547,22.8726,23.9505,23.393024037216843,0.0,524.0,138.07706310679612
